Year_Birth,Education,Marital_Status,Income,Kidhome,Teenhome,Recency,MntWines,MntFruits,MntMeatProducts,MntFishProducts,MntSweetProducts,MntGoldProds,NumDealsPurchases,NumWebPurchases,NumCatalogPurchases,NumStorePurchases,NumWebVisitsMonth,AcceptedCmp3,AcceptedCmp4,AcceptedCmp5,AcceptedCmp1,AcceptedCmp2,Complain,Potential Buyers
1953,2.0,4.0,40464.0,0,1,78,424,17,118,7,23,41,6,8,2,8,8,0,0,0,0,0,0,0
1960,2.0,6.0,47916.0,0,1,72,505,0,26,0,0,75,5,7,4,6,6,0,1,0,0,0,0,0
1972,1.0,3.0,14188.0,0,0,40,2,7,11,16,12,27,1,2,0,4,6,0,0,0,0,0,0,0
1969,2.0,5.0,76653.0,0,0,91,736,63,946,219,189,126,1,4,7,11,2,0,0,1,1,0,0,0
1958,2.0,5.0,65196.0,0,2,34,743,19,181,12,0,200,2,7,6,11,5,1,0,0,0,0,0,0
1958,2.0,5.0,53977.0,0,1,21,620,16,165,0,24,82,5,5,5,12,5,0,0,0,0,0,0,0
1960,3.0,5.0,73113.0,0,0,86,741,19,154,50,9,28,1,3,4,7,2,0,0,0,0,0,0,0
1957,2.0,3.0,71113.0,0,1,95,495,33,255,11,33,8,4,6,7,9,4,0,0,0,0,0,0,0
1983,2.0,4.0,22148.0,0,0,16,15,5,14,0,4,11,1,1,0,3,7,0,0,0,0,0,0,0
1982,2.0,3.0,22448.0,1,0,86,3,1,8,23,2,18,3,2,1,3,3,0,0,0,0,0,0,0
1951,0.0,3.0,78497.0,0,0,44,207,26,447,75,0,223,1,5,7,12,2,0,0,0,1,0,0,0
1983,4.0,3.0,86580.0,0,0,72,532,21,127,26,20,20,0,4,2,5,1,0,0,1,0,0,0,0
1979,2.0,5.0,21645.0,1,0,75,14,0,23,4,5,19,3,3,0,3,9,0,0,0,0,0,0,0
1968,4.0,2.0,42564.0,0,1,28,324,48,186,39,18,198,6,6,8,4,7,1,0,0,0,0,0,1
1952,2.0,3.0,67433.0,0,2,51,615,28,259,12,48,30,4,6,5,13,4,0,1,0,0,0,0,0
1955,3.0,2.0,46390.0,0,1,56,95,14,64,2,9,38,1,4,2,3,7,0,0,0,0,0,0,0
1970,2.0,2.0,44267.0,1,1,48,183,5,65,3,5,49,5,5,2,4,9,0,0,0,0,0,0,0
1967,2.0,3.0,77870.0,0,1,93,1017,50,500,65,50,133,3,5,5,5,8,0,1,0,1,0,0,0
1977,2.0,4.0,28769.0,1,0,76,41,5,129,10,3,3,3,4,1,4,9,0,0,0,0,0,0,0
1975,2.0,4.0,56243.0,1,2,26,347,0,35,4,3,7,6,4,2,8,5,0,0,0,0,0,0,0
1977,2.0,3.0,42014.0,1,0,56,244,15,108,4,15,50,6,7,1,6,8,0,0,0,0,0,0,0
1962,2.0,5.0,72025.0,0,0,27,833,33,549,151,133,233,1,4,3,8,3,0,0,0,0,0,0,0
1968,2.0,6.0,73455.0,0,0,98,901,61,757,186,163,20,1,6,5,10,3,0,1,0,0,0,0,0
1974,2.0,4.0,32233.0,1,0,26,138,15,35,25,11,72,2,6,2,2,9,1,0,0,0,0,0,1
1972,2.0,4.0,72504.0,0,1,43,604,26,470,123,161,94,2,5,9,6,2,0,0,0,0,0,0,0
1981,2.0,3.0,40211.0,1,1,30,51,1,7,2,1,25,2,2,1,2,8,1,0,0,0,0,0,0
1961,2.0,3.0,60544.0,1,1,92,201,2,43,3,5,35,4,5,1,5,6,0,0,0,0,0,0,0
1983,3.0,3.0,36262.0,0,0,24,88,39,54,64,28,153,1,3,5,3,6,1,0,0,0,0,0,1
1959,3.0,5.0,82576.0,0,0,66,1206,55,445,168,18,18,1,2,4,12,1,0,0,1,0,0,0,0
1954,2.0,2.0,76773.0,0,0,79,516,56,449,86,33,16,1,2,2,11,1,0,0,0,0,0,0,0
1951,1.0,3.0,26997.0,0,0,89,7,23,78,133,49,144,2,4,2,5,7,0,0,0,0,0,0,0
1963,4.0,2.0,48799.0,0,1,9,174,18,81,28,6,24,3,3,2,7,3,0,0,0,0,0,0,0
1983,3.0,4.0,89616.0,0,0,36,671,47,655,145,111,15,1,7,5,12,2,0,0,0,0,0,0,0
1970,2.0,4.0,24163.0,1,1,3,4,1,7,2,1,2,2,1,0,3,4,0,0,0,0,0,0,0
1944,3.0,3.0,80184.0,0,0,19,1035,134,670,25,38,0,1,6,3,10,3,0,0,1,1,0,0,1
1960,0.0,4.0,47823.0,0,1,0,53,1,5,2,1,10,2,2,0,3,8,0,0,0,0,0,0,0
1959,3.0,3.0,77520.0,0,1,30,940,44,396,0,88,58,1,8,7,7,4,1,0,1,1,0,0,1
1957,2.0,3.0,55267.0,0,1,28,161,28,136,32,3,45,4,3,4,6,3,0,0,0,0,0,0,0
1957,2.0,5.0,42213.0,0,1,96,309,3,24,4,3,20,2,5,1,7,7,0,1,0,0,0,0,0
1951,2.0,5.0,40689.0,0,1,69,270,3,27,39,6,99,7,7,1,5,8,0,0,0,0,0,0,0
1971,3.0,5.0,80573.0,0,0,85,829,138,430,60,92,15,1,4,6,13,2,0,0,0,0,0,0,0
1951,2.0,6.0,70792.0,0,0,82,344,45,654,104,11,114,2,3,4,10,3,0,0,0,0,0,0,0
1983,2.0,3.0,69520.0,0,0,95,627,120,414,121,80,93,1,9,6,5,5,0,0,0,0,0,0,0
1968,2.0,3.0,19514.0,1,1,47,14,3,21,2,1,28,4,3,1,2,8,1,0,0,0,0,0,0
1971,2.0,2.0,43300.0,0,1,87,91,3,52,2,1,31,3,4,0,4,8,0,0,0,0,0,0,0
1970,2.0,4.0,76467.0,1,0,44,676,161,426,210,44,58,2,2,5,5,6,0,0,0,0,0,0,0
1955,4.0,5.0,46015.0,1,1,25,38,0,2,0,0,6,1,1,0,3,7,1,0,0,0,1,0,0
1985,2.0,4.0,29938.0,1,0,52,3,3,7,0,2,11,2,1,0,3,6,0,0,0,0,0,0,0
1986,2.0,4.0,39146.0,1,0,1,94,1,33,13,12,12,3,4,0,4,8,0,0,0,0,0,0,0
1986,1.0,3.0,20425.0,1,0,5,4,12,5,3,16,17,2,2,0,3,7,0,0,0,0,0,0,0
1974,0.0,3.0,20130.0,0,0,99,0,6,3,7,6,12,1,1,0,3,8,0,0,0,0,0,0,0
1946,2.0,5.0,37760.0,0,0,20,84,5,38,150,12,28,2,4,1,6,7,0,0,0,0,0,0,0
1974,4.0,2.0,25509.0,1,0,15,40,3,30,10,7,11,3,3,0,3,9,0,0,0,0,0,0,0
1969,2.0,5.0,68695.0,0,0,3,458,81,356,106,50,40,1,4,4,7,2,0,0,0,0,0,0,0
1984,2.0,5.0,16529.0,1,0,23,3,0,5,13,0,1,1,1,0,3,6,0,0,0,0,0,0,0
1988,2.0,3.0,24645.0,1,0,16,5,3,4,4,1,0,1,1,0,2,8,0,0,0,0,0,0,0
1960,2.0,3.0,31454.0,1,1,40,28,0,11,0,0,9,3,2,0,3,8,0,0,0,0,0,0,0
1966,2.0,2.0,70287.0,0,0,30,295,35,482,121,120,40,1,5,5,10,3,0,0,0,0,0,0,0
1964,2.0,2.0,51983.0,0,1,95,631,0,115,10,7,30,3,9,2,10,7,0,0,0,0,0,0,0
1977,2.0,3.0,54233.0,0,1,46,652,8,158,21,0,142,4,11,6,5,8,0,0,0,0,0,0,0
1960,2.0,3.0,51651.0,0,1,32,293,6,23,13,6,92,4,6,2,5,8,0,0,0,0,0,0,0
1954,2.0,5.0,77972.0,0,0,18,613,22,319,33,102,12,1,4,6,9,1,0,0,0,0,0,0,0
1951,2.0,2.0,43185.0,0,1,88,537,6,42,16,6,30,2,9,3,6,8,0,0,0,0,0,0,0
1964,4.0,2.0,64140.0,0,2,71,1459,0,61,0,15,215,5,2,5,6,5,1,0,1,0,1,0,1
1979,2.0,5.0,77298.0,0,1,46,425,115,292,23,35,79,1,6,6,11,3,0,0,0,0,0,0,0
1991,4.0,4.0,68126.0,0,0,40,1332,17,311,23,51,86,1,7,4,5,9,0,1,0,0,0,0,1
1956,2.0,3.0,90369.0,0,0,2,292,51,981,224,23,17,1,4,6,6,1,0,0,0,0,0,0,0
1969,3.0,3.0,43641.0,1,1,50,57,2,51,4,2,23,3,2,1,4,6,0,0,0,0,0,0,0
1963,2.0,2.0,45146.0,1,1,28,33,0,5,0,0,15,2,1,1,2,4,0,0,0,0,0,0,0
1973,4.0,4.0,54466.0,1,1,78,12,0,4,0,0,0,1,1,0,2,5,0,0,0,0,0,0,0
1973,3.0,3.0,38961.0,1,0,60,19,7,19,0,1,24,1,2,1,2,7,0,0,0,0,0,0,0
1977,2.0,3.0,54809.0,1,1,0,63,6,57,13,13,22,4,2,1,5,4,0,0,0,0,0,0,0
1944,2.0,3.0,55956.0,0,0,22,760,38,104,50,9,38,2,7,3,4,4,0,1,0,0,0,0,0
1964,2.0,4.0,18701.0,1,1,95,12,4,2,10,6,10,4,2,0,4,5,0,0,0,0,0,0,0
1956,2.0,3.0,71866.0,0,1,85,184,178,178,103,39,33,1,6,3,10,3,0,0,0,0,0,0,0
1962,0.0,2.0,81975.0,0,1,2,983,76,184,180,138,27,1,6,3,4,7,0,0,1,0,0,0,0
1975,2.0,4.0,73170.0,0,0,1,184,174,256,50,30,32,1,5,4,6,2,0,0,0,0,0,0,0
1970,3.0,4.0,75345.0,0,0,16,918,57,842,99,38,133,1,5,8,6,3,0,0,0,1,0,0,1
1979,4.0,3.0,31605.0,1,0,15,74,0,42,2,1,6,2,2,1,4,7,0,0,0,0,0,0,0
1952,2.0,4.0,47139.0,1,1,2,46,0,12,0,2,23,2,2,1,2,7,0,0,0,0,0,0,0
1972,2.0,3.0,40321.0,1,1,59,44,4,21,6,0,27,2,3,0,3,7,0,0,0,0,0,0,0
1976,2.0,3.0,74068.0,0,0,14,783,30,537,140,76,15,1,4,10,9,2,0,0,0,0,0,0,0
1954,3.0,3.0,66991.0,0,0,1,496,36,460,189,60,12,3,4,8,6,3,0,0,0,0,0,0,0
1980,3.0,3.0,69661.0,0,0,80,656,16,106,32,16,8,1,7,3,12,3,0,0,0,0,0,0,0
1964,2.0,5.0,68142.0,0,1,96,897,126,196,91,112,37,3,10,4,7,6,0,0,0,0,0,0,0
1953,2.0,3.0,75027.0,0,1,74,925,64,179,133,12,77,2,9,4,6,5,0,0,0,0,0,0,0
1972,4.0,3.0,29791.0,1,0,21,14,0,6,0,0,0,2,2,0,3,5,0,0,0,0,0,0,0
1977,2.0,3.0,31353.0,1,1,24,10,0,10,3,1,7,2,1,1,2,8,0,0,0,0,0,0,0
1967,0.0,5.0,67309.0,1,1,76,515,47,181,149,95,95,15,9,6,9,7,0,0,0,0,0,0,0
1980,2.0,5.0,62994.0,1,0,74,224,12,48,4,12,12,1,6,2,4,6,0,0,0,0,0,0,0
1955,0.0,3.0,72635.0,0,0,54,390,22,323,104,35,107,1,6,8,6,3,0,0,0,1,0,0,0
1976,3.0,3.0,49681.0,0,2,66,411,0,26,0,0,21,6,7,1,7,7,0,0,0,0,0,0,0
1990,2.0,3.0,18351.0,0,0,1,1,12,9,0,14,7,1,2,0,3,7,0,0,0,0,0,0,0
1973,0.0,2.0,31163.0,1,0,54,2,3,10,11,2,10,1,1,0,3,6,0,0,0,0,0,0,0
1977,0.0,3.0,31056.0,1,0,99,5,10,13,3,8,16,1,1,0,3,8,0,0,0,0,0,0,0
1977,3.0,3.0,43263.0,0,1,2,262,6,61,0,10,102,3,5,2,6,5,0,0,0,0,0,0,0
1965,4.0,3.0,84618.0,0,0,96,684,100,801,21,66,0,1,6,9,10,2,0,0,1,0,0,0,0
1974,2.0,2.0,19346.0,1,0,26,2,0,9,3,6,2,1,1,0,3,8,0,0,0,0,0,0,0
1962,4.0,2.0,85696.0,0,0,88,714,76,395,116,0,12,1,4,6,9,1,0,0,0,0,0,0,0
1957,3.0,0.0,65487.0,0,0,48,240,67,500,199,0,163,3,3,5,6,2,0,0,0,0,0,0,0
1973,4.0,5.0,55012.0,0,1,85,582,0,65,0,0,13,6,8,2,9,5,0,0,0,0,0,0,0
1977,3.0,3.0,50353.0,0,0,72,141,15,153,67,31,35,1,4,4,6,3,0,0,0,0,0,0,0
1956,2.0,3.0,58116.0,0,1,38,228,19,130,4,11,51,2,3,3,8,2,0,0,0,0,0,0,0
1951,2.0,3.0,57304.0,0,1,61,356,80,329,138,17,106,2,7,6,10,5,0,0,0,0,0,0,0
1951,2.0,4.0,15033.0,0,0,37,0,4,5,6,0,4,1,1,0,3,3,0,0,0,0,0,0,0
1982,2.0,4.0,68627.0,0,0,45,395,15,263,60,54,38,1,2,3,6,1,0,0,0,0,0,0,0
1953,4.0,5.0,64504.0,1,2,81,986,36,168,16,0,108,7,11,3,4,7,0,0,0,0,0,0,0
1954,3.0,6.0,44551.0,0,1,24,182,4,33,0,0,66,2,4,1,5,7,0,0,0,0,0,0,0
1953,4.0,4.0,46231.0,2,1,87,189,2,55,0,5,12,4,6,1,4,9,0,0,0,0,0,0,0
1959,2.0,6.0,76320.0,0,1,49,526,35,214,69,53,35,2,6,3,4,2,0,0,0,0,0,0,0
1976,2.0,2.0,31615.0,1,0,82,2,3,20,6,11,9,2,2,0,3,7,0,0,0,0,0,0,0
1983,2.0,2.0,82025.0,0,0,76,267,98,606,48,70,98,1,3,2,6,1,0,0,1,0,0,0,0
1956,4.0,3.0,66334.0,0,1,82,909,11,218,0,0,23,2,9,3,5,5,0,0,0,0,0,0,0
1992,2.0,3.0,34935.0,0,0,71,34,4,66,3,10,20,1,2,1,4,7,0,0,0,0,0,0,0
1977,4.0,3.0,28973.0,0,0,59,206,0,46,3,2,12,2,5,1,5,8,0,0,0,0,0,0,0
1960,4.0,5.0,38201.0,0,1,19,233,0,23,0,0,12,4,5,1,5,8,0,0,0,0,0,0,0
1975,2.0,2.0,70300.0,1,0,89,1045,61,338,60,46,46,3,5,5,13,8,0,0,0,0,0,0,0
1986,2.0,3.0,71952.0,1,0,93,656,80,455,52,107,93,2,8,4,8,4,1,0,1,0,0,0,1
1964,4.0,3.0,41551.0,1,1,51,220,0,33,3,0,23,5,5,1,5,8,0,0,0,0,0,0,0
1975,0.0,5.0,34984.0,1,1,40,8,4,15,3,5,3,2,1,0,3,7,0,0,0,0,0,0,0
1958,4.0,5.0,84460.0,0,0,80,152,27,103,106,54,81,0,9,9,4,5,0,1,1,1,1,0,1
1981,2.0,5.0,31089.0,1,0,57,31,3,31,2,8,4,3,3,0,4,8,0,0,0,0,0,0,0
1975,0.0,3.0,57036.0,0,1,33,1171,43,219,19,14,47,4,6,3,13,9,1,0,0,0,0,0,0
1977,2.0,5.0,39771.0,1,0,92,6,2,18,2,8,14,1,2,0,3,4,0,0,0,0,0,0,0
1944,3.0,6.0,45006.0,0,0,90,162,25,53,16,0,10,1,3,1,7,3,0,0,0,0,0,0,0
1974,2.0,3.0,34421.0,1,0,81,3,3,7,6,2,9,1,1,0,2,7,0,0,0,0,0,0,0
1979,2.0,3.0,63777.0,1,1,87,457,5,106,15,17,53,8,11,1,6,8,0,0,0,0,0,0,0
1986,3.0,5.0,42386.0,1,0,43,65,4,16,0,4,11,1,3,0,3,8,0,0,0,0,0,0,0
1968,3.0,5.0,32889.0,1,1,78,28,0,13,4,2,8,3,2,1,3,5,0,0,0,0,0,0,0
1962,3.0,2.0,59432.0,0,1,88,317,25,265,25,19,12,3,5,3,11,5,0,0,0,0,0,0,0
1971,4.0,4.0,60504.0,0,1,73,458,0,24,6,4,34,2,6,2,8,6,0,0,0,0,0,0,0
1970,2.0,5.0,74854.0,1,2,90,856,59,487,58,29,73,7,2,5,5,5,0,0,0,0,0,0,0
1974,4.0,3.0,78128.0,0,1,89,934,24,230,16,24,36,2,8,4,6,3,0,1,1,0,0,0,0
1967,2.0,5.0,75702.0,1,1,77,650,28,353,45,42,30,5,4,6,11,8,0,0,0,0,0,0,0
1955,2.0,4.0,52247.25135379061,0,1,95,264,0,21,12,6,147,3,6,1,5,7,0,0,0,0,0,0,0
1978,4.0,5.0,27683.0,1,0,90,152,9,121,12,12,45,4,6,2,4,8,0,0,0,0,0,0,0
1957,2.0,3.0,78618.0,0,0,87,736,163,818,212,163,61,1,4,7,10,2,0,1,0,0,0,0,0
1965,2.0,4.0,59686.0,0,1,78,89,15,89,34,42,5,1,4,1,6,4,0,0,0,0,0,0,0
1960,2.0,3.0,79530.0,0,0,64,333,0,815,129,42,29,1,4,10,11,2,0,0,0,0,0,0,0
1957,4.0,4.0,40737.0,2,1,24,11,0,4,0,0,2,1,1,0,2,8,0,0,0,0,0,0,0
1961,4.0,3.0,54456.0,0,1,23,352,0,27,10,0,15,3,6,1,7,6,0,0,0,0,0,0,0
1972,4.0,5.0,62220.0,0,1,55,799,12,375,16,12,12,5,7,6,5,6,0,0,0,0,0,0,0
1970,4.0,3.0,69084.0,1,0,43,1181,107,199,39,30,30,2,7,3,13,8,0,0,0,0,0,0,0
1978,0.0,3.0,12393.0,0,0,38,5,6,15,11,7,13,1,2,0,3,9,0,0,0,0,0,0,0
1970,3.0,2.0,78579.0,0,0,35,816,66,549,216,66,99,1,5,6,4,3,0,0,0,0,0,0,0
1973,0.0,3.0,46094.0,1,1,62,12,2,20,3,2,5,1,1,0,3,7,0,0,0,0,0,0,0
1962,2.0,5.0,75072.0,0,1,83,583,34,309,0,22,125,2,5,4,8,3,0,0,0,0,0,0,0
1975,4.0,3.0,60631.0,1,1,88,565,6,65,0,6,19,5,9,2,8,7,0,1,0,0,0,0,0
1960,3.0,3.0,89058.0,0,0,18,454,194,106,31,22,43,1,5,4,4,2,0,0,0,0,0,0,0
1976,0.0,5.0,26907.0,1,1,10,9,1,7,0,3,2,2,1,0,3,7,0,0,0,0,0,0,0
1975,4.0,3.0,69283.0,0,1,41,674,62,134,0,26,8,4,7,3,13,5,0,0,0,0,0,0,0
1985,2.0,5.0,29103.0,1,0,38,16,0,17,6,3,6,2,1,0,3,9,0,0,0,0,0,0,0
1950,4.0,2.0,42873.0,1,1,11,209,0,40,3,2,15,4,6,1,4,8,0,0,0,0,0,0,0
1951,2.0,4.0,52247.25135379061,2,1,96,48,5,48,6,10,7,3,2,1,4,6,0,0,0,0,0,0,0
1984,0.0,5.0,32414.0,0,0,11,20,6,5,0,9,12,1,1,0,3,7,1,0,0,0,0,0,0
1957,2.0,3.0,73803.0,0,1,61,833,80,363,52,26,174,2,9,5,6,6,1,0,0,0,0,0,0
1949,3.0,2.0,35416.0,0,0,62,248,3,81,4,3,51,3,7,1,5,8,0,0,0,0,0,0,0
1984,4.0,4.0,16269.0,1,0,75,19,3,18,3,1,0,3,3,0,3,8,0,0,0,0,0,0,0
1971,2.0,6.0,30372.0,1,1,33,15,0,12,7,3,7,3,2,0,3,7,0,0,0,0,0,0,0
1972,4.0,3.0,62010.0,0,1,93,371,22,39,6,0,92,4,6,2,7,5,0,0,0,0,0,0,0
1970,0.0,2.0,65706.0,0,0,77,918,10,129,13,0,129,1,11,3,12,7,0,1,1,0,1,0,1
1982,3.0,5.0,18492.0,1,0,75,2,2,2,2,1,1,1,1,0,2,8,0,0,0,0,0,0,0
1952,2.0,6.0,40049.0,0,1,23,13,6,7,0,3,3,1,1,0,3,6,0,0,0,0,0,0,0
1963,2.0,2.0,68118.0,0,1,51,595,23,123,10,23,154,2,8,9,4,6,0,0,0,0,0,0,0
1984,3.0,3.0,42207.0,1,0,71,116,11,72,3,17,46,4,4,1,5,6,1,0,0,0,0,0,0
1949,3.0,3.0,81698.0,0,0,4,179,28,520,111,123,47,1,3,8,13,1,0,0,0,0,0,0,0
1951,3.0,5.0,47352.0,0,1,70,172,12,112,8,0,15,4,6,1,5,7,0,0,0,0,0,0,0
1970,4.0,3.0,67536.0,0,1,45,1253,0,447,23,71,35,3,11,5,11,8,0,0,0,1,0,0,0
1946,2.0,5.0,82657.0,0,0,71,966,168,672,246,105,126,1,7,5,10,4,0,1,0,1,0,0,1
1981,2.0,2.0,56981.0,0,0,91,908,48,217,32,12,24,1,2,3,13,6,0,1,0,0,0,0,0
1950,2.0,3.0,59462.0,0,1,29,724,17,143,0,8,196,2,9,2,12,7,0,0,0,0,0,0,0
1957,2.0,4.0,36864.0,0,1,53,204,5,39,17,0,89,3,5,2,4,8,0,0,0,0,0,0,0
1949,3.0,3.0,76995.0,0,1,91,1012,80,498,0,16,176,2,11,4,9,5,0,0,0,1,0,0,0
1952,0.0,4.0,64831.0,1,1,51,480,86,249,75,86,144,8,6,3,5,6,0,0,0,0,0,0,0
1974,0.0,3.0,45894.0,0,2,15,27,2,7,0,2,13,1,1,0,3,5,0,0,0,0,0,0,0
1959,2.0,5.0,71232.0,0,1,91,653,17,170,34,26,17,2,11,2,10,7,0,0,0,0,0,0,0
1961,4.0,4.0,84865.0,0,0,1,1248,16,349,43,16,16,1,2,4,9,4,0,1,1,1,1,0,1
1987,2.0,5.0,67430.0,0,0,6,595,97,291,127,133,121,1,11,5,12,6,0,0,0,0,0,0,0
1979,0.0,4.0,88194.0,0,1,19,688,14,309,201,24,38,1,11,10,10,5,1,0,0,1,0,0,1
1957,3.0,3.0,66726.0,1,1,61,349,7,35,0,0,47,3,8,2,4,7,0,1,0,0,0,0,0
1964,2.0,3.0,75236.0,0,1,27,438,66,400,12,38,114,1,8,3,13,4,0,0,0,0,0,0,0
1949,3.0,3.0,48150.0,0,1,24,173,2,39,3,2,47,3,5,1,4,7,0,0,0,0,0,0,0
1962,2.0,5.0,76081.0,0,0,85,292,30,415,63,33,200,1,4,5,4,2,0,0,0,1,0,0,0
1974,3.0,2.0,53367.0,1,1,2,229,7,140,10,3,11,7,5,1,8,7,0,0,0,0,0,0,0
1974,3.0,3.0,83891.0,0,1,24,217,38,350,111,85,15,1,4,7,10,1,0,0,0,0,0,0,0
1988,2.0,4.0,66951.0,0,0,46,277,162,305,173,76,124,1,3,4,7,1,0,0,0,0,0,0,0
1975,2.0,4.0,55801.0,1,1,35,367,4,51,6,4,95,6,7,2,6,7,0,0,0,1,0,0,0
1987,3.0,2.0,61787.0,0,0,71,621,73,414,78,48,85,1,8,4,6,5,0,0,0,0,0,0,0
1971,3.0,5.0,57420.0,0,1,22,280,0,18,0,0,24,3,5,1,6,7,0,1,0,0,0,0,0
1967,3.0,3.0,37054.0,1,1,89,12,1,6,0,1,5,2,1,0,3,7,0,0,0,0,0,0,0
1955,2.0,4.0,72906.0,0,0,79,400,32,519,71,75,54,1,3,4,9,1,0,0,0,0,0,0,0
1981,4.0,5.0,56937.0,1,0,81,746,8,125,11,8,8,7,8,6,9,6,0,1,0,0,0,0,0
1979,2.0,5.0,30545.0,1,0,71,4,12,15,19,7,12,2,2,0,3,7,0,0,0,0,0,0,0
1954,3.0,3.0,45736.0,0,1,92,188,3,180,20,3,43,5,7,1,6,7,0,0,0,0,0,0,0
1953,2.0,5.0,34587.0,1,1,68,7,2,9,2,0,2,2,1,0,3,4,0,0,0,0,0,0,0
1965,1.0,4.0,23529.0,0,1,67,9,7,13,3,2,20,1,1,1,2,6,0,0,0,0,0,0,0
1975,4.0,5.0,56559.0,0,1,46,226,22,133,41,31,31,3,4,3,8,4,0,0,0,0,0,0,0
1958,2.0,4.0,45160.0,1,1,9,8,2,5,3,0,3,1,1,0,2,7,0,0,0,0,0,0,0
1978,0.0,5.0,52513.0,0,0,84,367,17,241,104,188,232,2,9,5,9,7,0,0,0,0,0,0,0
1978,2.0,3.0,42693.0,1,0,29,8,4,20,6,3,16,1,1,0,3,5,0,0,0,0,0,0,0
1984,4.0,4.0,82733.0,0,0,28,712,50,420,65,38,38,1,8,4,7,4,0,0,0,0,0,0,0
1965,2.0,4.0,42720.0,1,1,9,392,5,91,28,26,112,8,7,3,7,8,0,0,0,0,0,0,0
1979,2.0,5.0,75507.0,0,0,56,709,93,374,104,80,80,1,8,6,6,3,0,0,0,0,0,0,0
1973,2.0,3.0,67432.0,0,1,69,432,79,341,177,136,170,2,8,5,4,4,0,0,0,0,0,0,0
1987,1.0,4.0,15038.0,1,0,93,4,8,11,19,12,26,2,2,1,2,9,0,0,0,0,0,0,0
1956,3.0,4.0,64857.0,0,0,78,556,14,717,210,0,43,1,7,5,10,4,0,0,0,0,0,0,0
1980,4.0,4.0,65295.0,0,0,19,365,32,117,34,110,6,1,3,3,13,2,0,0,0,0,0,0,0
1967,4.0,5.0,62981.0,0,0,21,796,14,590,38,44,0,1,4,5,13,3,0,1,0,0,0,0,0
1969,2.0,4.0,18589.0,0,0,89,6,4,25,15,12,13,2,2,1,3,7,0,0,0,0,0,0,0
1988,2.0,4.0,39747.0,1,0,43,80,15,93,20,13,52,3,5,1,4,8,0,0,0,0,0,0,0
1975,3.0,3.0,54730.0,0,1,64,318,3,17,4,7,56,5,4,1,8,4,0,0,0,0,0,0,0
1971,3.0,4.0,33316.0,1,1,34,79,1,31,4,4,12,3,2,1,4,6,0,0,0,0,0,0,0
1969,3.0,5.0,41021.0,1,0,12,14,7,9,6,16,12,2,2,0,3,6,0,0,0,0,0,0,0
1988,2.0,3.0,84219.0,0,0,27,434,137,400,45,137,45,1,3,4,10,1,0,0,0,0,0,0,0
1971,2.0,5.0,34600.0,1,1,8,199,33,60,8,3,15,5,5,2,5,8,0,0,0,0,0,0,0
1983,2.0,4.0,39062.0,1,0,28,23,0,9,0,0,12,1,1,0,3,4,1,0,0,0,0,0,0
1973,4.0,3.0,37401.0,1,0,14,19,3,19,3,1,3,2,2,0,3,7,0,0,0,0,0,0,0
1900,0.0,2.0,36640.0,1,0,99,15,6,8,7,4,25,1,2,1,2,5,0,0,0,0,0,1,0
1979,3.0,5.0,24401.0,0,0,98,73,28,217,10,24,115,3,6,1,6,8,0,0,0,0,0,0,0
1959,2.0,5.0,54753.0,0,1,87,197,107,227,7,59,131,3,5,2,11,4,0,0,0,0,0,0,0
1979,0.0,3.0,31086.0,1,1,79,16,2,11,3,0,16,2,1,1,2,8,1,0,0,0,0,0,0
1952,2.0,4.0,62307.0,0,1,94,87,13,34,10,6,10,1,4,0,4,5,0,0,0,0,0,0,0
1963,2.0,3.0,80124.0,0,0,47,483,84,398,205,84,241,1,3,7,8,1,1,0,0,0,0,0,1
1976,4.0,5.0,72335.0,0,0,2,1285,105,653,28,21,0,1,10,4,8,8,0,0,0,0,0,0,1
1958,2.0,5.0,66886.0,0,1,28,315,4,62,41,31,146,2,7,1,7,5,0,0,0,0,0,0,0
1967,0.0,5.0,47821.0,1,1,54,9,0,16,6,6,10,1,1,0,3,8,0,0,0,0,0,0,0
1961,4.0,3.0,52247.25135379061,0,1,23,352,0,27,10,0,15,3,6,1,7,6,0,0,0,0,0,0,0
1987,4.0,4.0,95169.0,0,0,1,1285,21,449,106,20,20,1,4,3,4,1,0,0,1,1,0,0,1
1976,3.0,5.0,65104.0,0,1,4,738,0,232,13,20,50,2,3,5,7,7,0,0,0,0,0,0,0
1996,1.0,3.0,14421.0,0,0,81,0,0,2,3,3,8,1,1,0,2,5,1,0,0,0,0,0,0
1990,0.0,4.0,51250.0,1,0,28,342,32,230,34,32,40,5,10,5,4,9,1,0,0,0,0,0,1
1970,3.0,4.0,44802.0,0,0,71,853,10,143,13,10,20,2,9,4,12,8,0,0,0,0,0,0,0
1965,3.0,6.0,51390.0,1,1,54,205,20,47,23,2,56,6,5,2,5,5,0,0,0,0,0,0,0
1964,3.0,3.0,79143.0,0,0,2,650,37,780,27,167,32,1,6,9,13,3,0,0,0,0,0,0,0
1975,3.0,3.0,7500.0,1,0,19,3,1,10,3,2,12,3,2,0,3,5,0,0,0,0,0,0,0
1958,2.0,4.0,68281.0,0,0,31,995,112,417,42,48,41,1,2,9,13,5,0,0,0,0,0,0,0
1974,4.0,5.0,79632.0,0,0,42,471,0,510,99,21,12,1,6,4,9,2,0,0,0,0,0,0,0
1987,3.0,3.0,73395.0,0,0,94,272,7,80,20,7,11,1,4,4,6,2,0,0,0,0,0,0,0
1980,2.0,3.0,37406.0,1,0,18,2,0,8,2,2,3,1,1,0,2,8,0,0,0,0,0,0,0
1983,4.0,3.0,50150.0,0,0,32,135,46,92,65,61,11,2,5,2,7,5,0,0,0,0,0,0,0
1967,2.0,3.0,35441.0,1,1,94,25,1,9,2,1,1,2,1,0,3,8,0,0,0,0,0,0,0
1953,2.0,3.0,39722.0,0,1,92,32,0,5,2,0,8,2,2,0,3,5,0,0,0,0,0,0,0
1965,4.0,5.0,32727.0,0,0,38,167,13,180,86,13,70,2,7,3,5,8,0,0,0,0,0,0,0
1982,4.0,3.0,84169.0,0,0,9,1478,19,403,0,19,0,1,7,6,6,3,0,1,1,0,0,0,1
1969,2.0,5.0,54165.0,0,0,72,127,4,73,15,6,11,1,2,1,7,2,0,0,0,0,0,0,0
1970,3.0,5.0,52247.25135379061,0,1,39,187,5,65,26,20,14,2,4,2,6,5,0,0,0,0,0,0,0
1982,0.0,4.0,23616.0,1,0,76,4,22,11,3,7,32,2,3,0,3,8,0,0,0,0,0,0,0
1952,0.0,5.0,57247.0,0,1,50,99,4,32,37,54,6,2,2,1,7,2,0,0,0,0,0,0,0
1961,1.0,3.0,28249.0,0,0,80,1,9,7,2,14,10,1,2,0,3,6,0,0,0,0,0,0,0
1963,4.0,3.0,54072.0,1,1,71,35,0,4,0,0,0,1,2,0,2,8,0,0,0,0,0,0,0
1979,0.0,2.0,13533.0,1,0,45,12,3,8,8,0,17,2,2,0,3,7,0,0,0,0,0,0,0
1958,3.0,3.0,49572.0,1,1,25,35,1,16,0,1,1,2,2,0,3,7,0,0,0,0,0,0,0
1963,1.0,5.0,14918.0,0,1,52,3,3,3,15,4,15,1,1,0,3,6,0,0,0,0,0,0,0
1956,2.0,3.0,15759.0,0,0,12,1,2,5,6,0,3,1,1,0,2,7,0,0,0,0,0,0,0
1975,2.0,4.0,57338.0,0,1,96,143,6,52,11,8,17,2,4,1,5,5,0,0,0,0,0,0,0
1983,2.0,5.0,28359.0,1,0,35,6,0,5,2,1,2,1,1,0,2,7,0,0,0,0,0,0,0
1968,2.0,2.0,61671.0,0,1,23,641,7,56,0,0,28,8,10,4,6,8,0,1,0,1,0,0,1
1986,2.0,3.0,79529.0,0,0,1,423,42,706,73,197,197,1,4,8,9,2,0,0,0,0,0,0,0
1989,2.0,4.0,81217.0,0,0,77,493,70,324,146,40,84,1,3,7,11,1,0,0,0,0,0,0,0
1948,4.0,6.0,82032.0,0,0,54,332,194,377,149,125,57,0,4,6,7,1,0,0,0,0,0,0,0
1962,2.0,5.0,62568.0,0,1,99,362,17,398,80,35,61,3,5,3,5,4,0,0,0,1,0,0,0
1956,2.0,4.0,91249.0,0,0,84,1324,27,119,71,108,27,0,7,9,6,4,0,1,1,1,1,0,1
1959,2.0,2.0,23295.0,0,0,72,0,0,1,2,12,5,1,1,0,2,8,0,0,0,0,0,0,0
1977,0.0,5.0,20981.0,0,0,14,2,12,10,6,13,30,1,3,1,2,8,0,0,0,0,0,0,0
1979,2.0,5.0,77568.0,0,1,30,1230,0,396,232,178,158,1,10,2,8,5,0,1,1,1,0,0,1
1971,0.0,2.0,49118.0,0,0,90,620,54,239,99,98,119,2,9,7,10,7,0,1,0,0,1,0,0
1974,2.0,3.0,72099.0,0,0,18,546,91,410,119,0,22,1,3,4,10,1,0,0,0,0,0,0,0
1974,4.0,5.0,30351.0,1,0,19,14,0,24,3,3,2,1,3,0,2,9,0,0,0,0,0,0,0
1965,3.0,3.0,70053.0,0,1,38,512,53,98,81,179,89,3,8,5,10,5,0,0,0,0,0,0,0
1969,4.0,3.0,55212.0,0,1,65,1103,0,45,0,0,34,3,4,2,11,8,0,1,0,0,1,0,0
1974,2.0,2.0,53034.0,1,1,30,160,15,196,15,11,50,8,6,1,7,8,0,0,0,0,0,0,0
1950,3.0,6.0,64866.0,0,1,9,508,5,21,7,5,10,4,7,3,7,5,0,1,0,0,0,0,0
1972,3.0,5.0,49854.0,1,0,63,123,17,171,39,0,30,5,6,2,5,6,0,0,0,0,0,0,0
1974,4.0,3.0,34596.0,1,0,48,14,0,2,0,0,7,1,1,0,2,8,0,0,0,0,0,0,0
1985,2.0,4.0,70596.0,0,0,68,347,44,534,17,0,26,1,3,5,12,2,0,0,0,0,0,0,0
1964,2.0,5.0,63404.0,0,2,97,734,26,70,11,44,17,2,6,3,4,4,0,0,0,1,0,0,0
1960,3.0,3.0,28520.0,1,1,55,11,0,10,0,2,20,1,1,1,2,6,0,0,0,0,0,0,0
1977,2.0,3.0,75330.0,1,1,94,555,82,257,93,61,61,4,10,3,12,6,0,0,0,0,0,0,0
1984,2.0,4.0,52413.0,1,0,67,185,8,133,56,56,12,2,7,1,7,7,0,0,0,0,0,0,0
1967,2.0,4.0,52074.0,0,1,77,59,0,12,0,0,48,1,2,2,2,4,1,0,0,0,0,0,0
1972,4.0,4.0,86857.0,0,0,96,899,102,838,133,102,40,1,5,6,10,2,0,0,0,0,0,0,0
1953,3.0,5.0,56129.0,0,1,65,320,48,133,39,72,48,4,6,2,10,4,0,0,0,0,0,0,0
1977,2.0,3.0,41124.0,1,0,41,281,7,84,15,0,119,7,7,3,4,8,0,0,0,0,0,0,0
1980,4.0,4.0,36802.0,1,0,23,16,1,2,0,0,1,1,1,0,3,5,0,0,0,0,0,0,0
1955,2.0,3.0,48726.0,0,1,90,138,3,38,4,0,59,3,3,2,4,6,0,0,0,0,0,0,0
1972,4.0,4.0,27213.0,1,0,19,19,3,26,10,9,3,3,2,0,4,8,0,0,0,0,0,0,0
1963,4.0,5.0,66313.0,0,1,86,625,7,99,10,22,7,2,6,3,12,4,0,0,0,0,0,0,0
1965,3.0,3.0,62694.0,1,1,29,379,6,157,25,91,91,5,9,3,7,7,0,0,0,0,0,0,0
1986,2.0,5.0,34728.0,1,0,2,14,0,16,0,0,6,1,1,1,2,6,0,0,0,0,0,0,0
1977,3.0,4.0,36273.0,1,0,80,29,3,30,3,2,9,2,3,0,3,6,0,0,0,0,0,0,0
1989,2.0,3.0,28691.0,1,0,56,5,4,13,8,0,4,1,1,0,3,8,0,0,0,0,0,0,0
1955,2.0,4.0,57959.0,0,1,71,430,16,322,43,24,33,5,4,7,11,3,0,0,0,0,0,0,0
1986,3.0,4.0,21888.0,1,0,15,88,10,46,2,3,64,4,5,1,2,10,0,0,0,0,0,0,0
1981,2.0,5.0,88325.0,0,0,42,519,71,860,93,27,53,1,6,2,9,2,0,0,0,0,0,0,0
1974,4.0,4.0,31560.0,1,0,98,62,1,20,4,0,7,2,2,1,3,8,0,0,0,0,0,0,0
1971,3.0,4.0,33316.0,1,1,34,79,1,31,4,4,12,3,2,1,4,6,0,0,0,0,0,0,0
1970,2.0,3.0,63684.0,0,1,61,575,80,428,208,93,80,3,8,4,8,5,0,0,0,0,0,0,0
1975,4.0,2.0,74165.0,0,0,9,1001,12,240,16,12,12,1,5,4,10,2,0,0,0,0,0,0,0
1956,2.0,3.0,50387.0,0,2,91,369,9,87,12,14,34,3,6,2,8,5,0,0,0,0,0,0,0
1972,3.0,4.0,49494.0,1,0,46,191,9,97,0,6,82,2,6,1,5,7,0,0,0,0,0,0,0
1954,2.0,5.0,75315.0,0,1,14,459,15,171,142,23,31,2,5,4,12,2,0,0,0,0,0,0,0
1957,3.0,5.0,66636.0,0,0,64,291,10,689,84,10,0,1,3,4,9,1,0,0,0,0,0,0,0
1950,2.0,5.0,34026.0,1,1,11,18,6,15,12,8,17,3,2,1,3,5,0,0,0,0,0,0,0
1978,2.0,3.0,38136.0,1,0,69,8,15,27,0,20,33,2,3,1,2,8,1,0,0,0,0,0,0
1947,2.0,4.0,77457.0,0,0,85,675,11,400,15,45,11,1,2,5,10,1,0,0,1,0,0,0,0
1983,0.0,4.0,81698.0,0,0,1,709,45,115,30,160,45,1,8,2,5,5,0,0,0,1,0,0,0
1965,2.0,2.0,4861.0,0,0,20,2,1,1,1,0,1,0,0,0,0,14,0,0,0,0,0,0,0
1966,2.0,4.0,37070.0,1,1,30,231,7,137,4,15,39,9,5,1,8,7,0,0,0,0,0,0,0
1949,2.0,6.0,70165.0,0,0,60,161,0,253,199,191,122,1,3,7,11,1,0,0,0,0,0,0,0
1948,4.0,4.0,60200.0,0,1,3,502,19,132,0,6,26,6,6,2,11,6,0,0,0,0,0,0,0
1963,2.0,3.0,50437.0,0,2,28,370,9,92,6,9,4,3,7,1,8,7,0,0,0,0,0,0,0
1985,1.0,4.0,16581.0,0,0,51,1,3,4,2,3,11,1,0,0,3,4,0,0,0,0,0,0,0
1960,4.0,3.0,49154.0,1,1,69,206,10,67,30,27,71,6,4,1,8,6,0,0,0,0,0,0,0
1973,0.0,3.0,35688.0,2,1,94,73,3,90,12,1,32,7,4,1,4,8,0,0,0,0,0,0,0
1986,3.0,5.0,42386.0,1,0,43,65,4,16,0,4,11,1,3,0,3,8,0,0,0,0,0,0,0
1944,4.0,2.0,55614.0,0,0,85,504,13,131,8,0,26,1,9,4,6,7,0,1,0,0,0,0,0
1893,0.0,4.0,60182.0,0,1,23,8,0,5,7,0,2,1,1,0,2,4,0,0,0,0,0,0,0
1983,4.0,3.0,50150.0,0,0,32,135,46,92,65,61,11,2,5,2,7,5,0,0,0,0,0,0,0
1966,3.0,5.0,45903.0,0,1,80,33,8,10,2,10,3,2,2,1,3,4,0,0,0,0,0,0,0
1976,2.0,5.0,51369.0,0,1,84,297,7,79,0,11,182,2,8,2,4,8,0,0,0,0,0,0,0
1971,4.0,3.0,32011.0,1,0,89,99,0,15,2,1,5,3,2,1,4,7,0,0,0,0,0,0,0
1964,2.0,4.0,61839.0,0,0,20,1000,155,379,224,17,120,1,4,8,4,8,0,0,0,0,0,0,1
1986,2.0,5.0,33235.0,1,0,71,45,0,16,2,1,6,1,3,0,3,7,0,0,0,0,0,0,0
1965,0.0,3.0,70924.0,0,0,41,635,114,254,132,152,76,1,6,6,7,3,0,0,1,0,0,0,0
1975,0.0,2.0,67893.0,0,1,31,711,28,142,49,18,47,2,3,2,9,8,0,0,0,0,0,0,0
1972,4.0,3.0,78075.0,0,0,72,572,8,259,34,35,80,1,3,5,5,1,0,0,0,0,0,0,0
1969,3.0,3.0,43142.0,1,1,84,5,1,7,2,1,4,1,1,0,2,7,0,0,0,0,0,0,0
1983,2.0,4.0,101970.0,0,0,69,722,27,102,44,72,168,0,6,8,13,2,0,1,1,1,0,0,1
1974,2.0,4.0,69719.0,0,0,99,273,86,208,177,14,43,1,2,3,5,1,0,0,0,0,0,0,0
1983,2.0,3.0,25271.0,1,0,45,10,1,18,10,4,7,1,1,1,2,9,0,0,0,0,0,0,0
1976,4.0,4.0,60000.0,0,1,57,1048,0,217,0,0,12,5,11,3,5,6,0,0,0,0,0,0,0
1952,2.0,4.0,84574.0,0,0,72,387,20,713,38,54,163,1,9,11,11,5,0,0,0,0,0,0,0
1956,3.0,5.0,50943.0,0,1,49,31,0,7,2,0,6,1,1,0,3,5,0,0,0,0,0,0,0
1971,2.0,3.0,25721.0,1,0,75,1,3,6,3,6,15,1,1,1,2,7,0,0,0,0,0,0,0
1960,3.0,5.0,17144.0,1,1,96,18,2,19,0,2,6,5,3,0,4,7,0,0,0,0,0,0,0
1981,2.0,3.0,26872.0,0,0,0,3,10,8,3,16,32,1,1,1,2,6,0,0,0,0,0,0,0
1964,2.0,5.0,55761.0,0,1,97,136,1,12,0,3,32,2,4,1,3,6,0,1,0,0,0,0,0
1984,0.0,3.0,65370.0,0,0,1,71,22,112,138,89,29,1,2,3,13,1,0,0,0,0,0,0,0
1986,2.0,3.0,38508.0,1,0,95,120,19,206,25,19,54,6,7,2,5,8,0,0,0,0,0,0,0
1971,4.0,2.0,86979.0,0,0,67,584,100,835,65,83,35,1,5,5,5,2,1,0,0,0,0,0,0
1954,4.0,3.0,72550.0,1,1,39,826,50,317,50,38,38,9,5,2,12,8,0,0,0,0,0,0,0
1969,4.0,5.0,54132.0,0,1,81,30,1,8,0,0,3,1,1,0,3,7,0,0,0,0,0,0,0
1948,4.0,3.0,34469.0,1,1,58,19,6,20,0,5,12,3,1,1,4,4,0,0,0,0,0,0,0
1980,2.0,5.0,69508.0,1,0,48,824,32,162,42,32,43,2,11,4,11,6,0,0,0,0,0,0,0
1962,4.0,5.0,56067.0,0,1,51,517,12,54,16,6,120,2,7,4,7,5,0,0,0,0,0,0,0
1975,4.0,3.0,76618.0,0,0,64,749,40,294,121,160,147,1,3,2,5,1,0,0,0,0,0,0,0
1954,2.0,5.0,36807.0,1,1,88,4,2,5,0,0,5,1,1,0,2,6,0,0,0,0,0,0,0
1951,4.0,3.0,78939.0,0,0,57,794,115,243,150,0,205,1,8,5,6,3,0,0,0,0,0,0,0
1968,4.0,3.0,44377.0,1,1,70,224,0,30,0,0,10,8,5,1,5,8,0,0,0,0,0,0,0
1960,4.0,4.0,76045.0,0,0,78,760,53,400,17,93,0,1,4,5,11,2,0,0,0,1,0,0,0
1977,2.0,4.0,56628.0,0,1,30,479,5,82,7,17,171,2,7,6,5,5,1,0,0,0,0,0,0
1968,2.0,2.0,36997.0,1,1,72,43,4,12,8,0,27,5,2,1,4,5,0,0,0,0,0,0,0
1946,4.0,4.0,62159.0,0,0,68,182,17,259,77,70,29,1,6,2,10,4,0,0,0,0,0,0,0
1973,4.0,3.0,54222.0,0,1,98,199,12,31,3,12,7,1,3,3,5,3,0,0,0,0,0,0,0
1991,3.0,4.0,90638.0,0,0,29,1156,120,915,94,144,96,1,3,4,10,1,0,0,1,0,0,0,0
1992,2.0,3.0,34935.0,0,0,71,34,4,66,3,10,20,1,2,1,4,7,0,0,0,0,0,0,0
1944,2.0,3.0,80589.0,0,0,25,507,93,520,242,40,26,1,5,10,5,1,0,0,0,1,0,0,0
1962,4.0,3.0,42769.0,0,1,15,71,0,13,3,1,0,2,1,1,4,4,0,0,0,0,0,0,0
1988,2.0,3.0,68487.0,0,0,48,758,12,385,33,89,89,1,9,7,13,4,0,0,0,0,0,0,0
1986,2.0,3.0,71952.0,1,0,93,656,80,455,52,107,93,2,8,4,8,4,1,0,1,0,0,0,1
1983,2.0,3.0,76630.0,0,0,93,255,31,446,40,56,175,1,3,10,11,1,0,0,0,0,0,0,0
1951,3.0,4.0,58217.0,2,1,84,68,1,13,3,5,13,1,2,0,4,6,0,0,0,0,0,0,0
1956,2.0,5.0,46097.0,0,1,11,72,24,68,65,4,8,5,3,1,6,4,0,0,0,0,0,0,0
1969,2.0,3.0,56796.0,0,1,24,656,38,161,62,47,37,3,8,9,7,7,0,0,0,0,0,0,0
1965,4.0,2.0,57912.0,0,1,34,801,0,80,0,0,35,5,8,3,12,5,0,1,0,0,0,0,0
1966,2.0,6.0,27038.0,0,0,64,1,26,25,17,23,15,1,3,0,3,9,0,0,0,0,0,0,0
1965,0.0,3.0,46891.0,0,1,91,43,12,23,29,15,61,1,2,1,4,4,0,0,0,0,0,0,0
1952,2.0,4.0,75127.0,0,0,92,203,35,305,46,17,227,1,2,11,5,1,0,0,0,0,0,0,0
1946,4.0,5.0,44124.0,0,1,62,284,0,55,0,6,52,4,6,2,5,8,0,0,0,0,0,0,0
1972,2.0,3.0,30023.0,1,0,28,11,0,16,7,6,21,1,2,0,3,8,0,0,0,0,0,0,0
1988,0.0,5.0,45204.0,1,0,93,30,11,25,29,1,18,1,1,1,4,3,0,0,0,0,0,0,0
1972,2.0,5.0,84906.0,0,0,98,997,15,414,99,30,76,1,5,6,12,2,0,1,1,0,1,0,0
1969,2.0,2.0,23910.0,1,0,80,16,12,18,7,1,13,1,2,0,3,7,0,0,0,0,0,0,0
1958,4.0,4.0,79761.0,0,1,32,415,5,124,15,35,11,1,5,2,11,3,0,0,0,0,0,0,0
1978,3.0,5.0,61346.0,1,0,34,562,58,168,43,16,142,1,5,7,10,3,0,0,0,0,0,0,0
1971,2.0,4.0,31632.0,0,0,92,17,8,12,11,15,32,1,2,1,2,7,0,0,0,0,0,0,0
1973,2.0,4.0,34853.0,1,1,75,9,3,15,2,3,2,2,2,0,3,6,0,0,0,0,0,0,0
1955,2.0,5.0,42586.0,1,1,7,194,2,56,0,0,0,5,4,1,6,8,0,0,0,0,0,0,0
1973,2.0,3.0,49094.0,0,1,6,376,0,38,11,8,69,5,6,3,6,6,0,0,0,0,0,0,0
1974,2.0,3.0,40049.0,0,1,61,91,65,52,10,44,28,3,3,2,6,5,0,0,0,0,0,0,0
1957,2.0,3.0,23539.0,0,0,13,4,24,11,16,1,25,1,2,0,4,6,0,0,0,0,0,0,0
1962,4.0,5.0,31497.0,0,1,22,108,1,28,13,1,4,2,3,1,4,8,0,0,0,0,0,0,0
1978,0.0,3.0,25804.0,1,0,34,8,7,9,13,6,12,2,2,0,3,8,0,0,0,0,0,0,0
1952,3.0,2.0,59354.0,1,1,53,233,2,53,3,5,14,3,6,1,5,6,0,0,0,0,0,0,0
1969,4.0,6.0,62187.0,0,1,38,512,0,83,0,0,41,3,6,2,10,4,0,0,0,0,0,0,0
1987,2.0,4.0,57100.0,1,0,9,158,11,99,15,11,17,2,3,2,7,3,0,0,0,0,0,0,0
1988,0.0,2.0,35388.0,1,0,20,6,4,7,4,3,8,1,1,0,3,7,0,0,0,0,0,0,0
1960,3.0,4.0,98777.0,0,0,23,1000,19,711,125,115,38,0,4,6,9,1,0,1,0,0,0,0,0
1958,3.0,5.0,46692.0,0,1,37,170,6,97,24,12,88,3,6,1,5,6,0,0,0,0,0,0,0
1982,0.0,5.0,66664.0,0,0,78,398,96,447,220,96,32,1,5,7,6,3,0,0,0,0,0,0,0
1977,3.0,5.0,57954.0,1,1,52,456,4,24,0,0,9,7,8,2,6,7,0,1,0,0,0,0,0
1971,3.0,2.0,74290.0,0,1,70,1121,0,72,0,12,12,4,10,8,10,6,0,1,0,1,0,0,0
1954,2.0,5.0,32144.0,1,1,76,41,0,10,0,0,3,4,2,1,3,7,0,1,0,0,0,0,0
1960,2.0,5.0,63381.0,0,1,78,571,50,142,33,50,159,4,4,5,13,2,0,0,0,0,0,0,0
1953,2.0,4.0,73892.0,0,0,40,703,102,601,0,58,43,1,3,11,8,1,0,0,0,0,0,0,0
1958,2.0,5.0,52247.25135379061,1,1,87,19,4,12,2,2,6,1,1,0,3,5,0,0,0,0,0,0,0
1956,3.0,3.0,52973.0,0,1,92,856,0,76,12,9,199,7,9,6,9,8,0,0,0,0,0,0,0
1954,2.0,6.0,27421.0,0,0,14,43,12,96,78,40,55,3,4,1,6,7,0,0,0,0,0,0,0
1959,4.0,2.0,62859.0,0,1,37,1063,89,102,16,12,25,4,9,4,6,6,0,0,0,0,0,0,0
1978,2.0,2.0,71847.0,0,0,95,737,21,106,55,63,210,0,6,7,9,3,0,0,0,1,0,0,0
1974,2.0,4.0,42373.0,1,1,83,67,5,61,3,8,19,5,2,1,5,5,0,0,0,0,0,0,0
1975,2.0,5.0,80144.0,0,0,47,240,132,445,250,192,108,1,3,7,8,1,0,0,0,0,0,0,0
1971,2.0,2.0,29819.0,1,0,77,9,1,24,2,1,2,3,3,0,3,6,0,0,0,0,0,0,0
1962,3.0,5.0,47175.0,1,1,81,167,2,44,6,2,19,7,4,2,4,8,1,0,0,0,0,0,0
1970,4.0,3.0,38853.0,1,1,90,29,0,14,0,0,2,2,2,0,3,7,0,0,0,0,0,0,0
1964,2.0,4.0,45906.0,0,1,20,305,3,27,4,3,144,2,5,4,4,5,1,0,0,0,0,0,0
1968,3.0,2.0,27071.0,1,0,90,8,3,19,0,2,3,2,2,0,3,6,0,0,0,0,0,0,0
1977,4.0,5.0,102160.0,0,0,54,763,29,138,76,176,58,0,7,9,10,4,0,1,1,1,0,0,1
1973,2.0,6.0,60208.0,1,1,13,488,23,71,15,0,59,11,8,3,7,7,0,1,0,0,0,0,0
1966,4.0,3.0,69063.0,0,1,16,666,35,124,69,8,26,1,5,3,5,3,0,0,0,0,0,0,0
1967,2.0,4.0,25930.0,1,1,87,6,1,2,2,0,4,1,1,0,2,7,0,0,0,0,0,0,0
1986,2.0,3.0,92910.0,0,0,42,551,137,792,179,103,33,1,6,7,13,1,0,1,1,1,0,0,1
1960,2.0,2.0,58401.0,0,1,55,10,0,11,17,29,29,1,1,2,2,4,0,0,0,0,0,0,0
1956,2.0,2.0,46086.0,0,1,34,244,8,32,7,2,50,4,3,1,8,4,0,0,0,0,0,0,0
1989,0.0,3.0,85710.0,0,0,5,600,20,350,29,30,33,1,6,9,10,2,0,0,1,0,0,0,0
1973,4.0,5.0,63516.0,1,1,30,141,11,114,15,14,5,4,4,1,7,5,0,0,0,0,0,0,0
1960,1.0,6.0,22123.0,0,0,77,3,3,24,34,7,31,1,2,1,3,5,0,0,0,0,0,0,0
1972,2.0,3.0,40321.0,1,1,59,44,4,21,6,0,27,2,3,0,3,7,0,0,0,0,0,0,0
1971,0.0,5.0,26850.0,1,1,10,31,1,13,7,2,9,4,2,1,4,4,0,0,0,0,0,0,0
1964,4.0,4.0,61798.0,0,0,13,338,4,89,11,8,13,1,4,2,9,4,0,0,0,0,0,0,0
1972,4.0,4.0,38578.0,1,1,2,38,4,22,3,3,3,3,3,0,3,8,0,0,0,0,0,0,0
1979,1.0,5.0,24594.0,1,0,94,1,3,6,10,0,9,1,1,0,3,5,0,0,0,0,0,0,0
1981,2.0,2.0,28510.0,1,1,72,44,5,19,0,4,19,3,2,0,4,5,0,0,0,0,0,0,0
1967,3.0,4.0,32557.0,1,0,13,34,3,29,0,4,10,3,2,1,3,5,0,0,0,0,0,0,0
1959,4.0,5.0,53537.0,1,1,17,81,0,6,0,0,6,2,2,1,3,5,0,0,0,0,0,0,0
1955,4.0,4.0,61284.0,0,0,76,618,15,106,20,7,45,1,11,2,8,6,0,1,0,0,0,0,0
1976,3.0,2.0,75012.0,0,0,41,294,142,218,164,58,151,1,3,8,11,1,0,0,0,0,0,0,0
1968,4.0,4.0,38236.0,1,1,2,58,0,18,2,0,10,4,3,0,4,7,0,0,0,0,0,0,0
1951,2.0,3.0,71965.0,0,1,21,572,19,286,50,38,248,3,6,3,5,3,0,0,0,0,0,0,0
1970,3.0,3.0,44511.0,1,0,39,513,7,133,46,14,14,6,8,4,8,8,0,0,0,0,0,0,0
1973,2.0,4.0,65333.0,0,1,58,654,7,92,0,15,30,7,9,4,8,6,0,1,1,0,0,0,0
1968,2.0,5.0,58554.0,1,1,55,368,24,68,38,0,88,6,8,2,6,7,0,0,0,0,0,0,0
1962,2.0,4.0,50785.0,1,1,27,64,1,21,0,1,27,2,2,1,3,6,0,0,0,0,0,0,0
1972,3.0,3.0,75251.0,0,0,34,721,111,925,97,18,18,1,7,6,5,5,0,0,0,0,0,0,0
1975,0.0,5.0,19789.0,1,0,24,2,5,9,28,6,28,3,2,1,3,5,1,0,0,0,0,0,0
1963,4.0,6.0,52278.0,0,1,24,953,0,71,0,0,174,6,10,5,10,8,0,0,0,0,0,0,0
1974,3.0,3.0,58494.0,0,1,56,298,7,68,4,0,19,2,6,2,6,6,0,0,0,0,0,0,0
1975,2.0,3.0,33183.0,1,0,46,7,5,39,17,15,37,2,4,0,3,7,0,0,0,0,0,0,0
1978,2.0,2.0,41986.0,0,1,15,27,5,8,8,3,12,3,3,0,4,4,0,0,0,0,0,0,0
1971,2.0,3.0,37150.0,1,0,80,167,37,64,49,34,116,8,4,3,6,7,0,0,0,0,0,0,0
1976,4.0,5.0,162397.0,1,1,31,85,1,16,2,1,2,0,0,0,1,1,0,0,0,0,0,0,0
1956,2.0,3.0,48195.0,1,1,53,106,27,68,52,7,5,6,4,2,5,6,0,0,0,0,0,0,0
1956,3.0,5.0,34941.0,1,1,26,39,2,25,4,3,24,2,3,0,3,8,0,0,0,0,0,0,0
1974,3.0,3.0,82584.0,0,0,26,1076,68,103,29,91,68,1,3,4,8,1,0,1,1,0,0,0,1
1962,2.0,5.0,50127.0,0,1,88,274,0,21,4,6,15,1,5,1,6,6,0,1,0,0,0,0,0
1978,0.0,5.0,63855.0,0,0,28,359,35,314,93,116,89,1,7,3,13,4,0,0,0,0,0,0,0
1954,3.0,2.0,62637.0,0,1,76,104,12,48,4,12,5,1,2,2,5,2,0,0,0,0,0,0,0
1978,2.0,6.0,54162.0,1,1,31,5,6,10,6,5,10,1,1,0,3,4,0,0,0,0,0,0,0
1950,2.0,4.0,16813.0,0,0,49,4,8,11,12,2,13,1,2,0,3,7,1,0,0,0,0,0,0
1963,3.0,4.0,64191.0,0,1,30,420,15,186,151,38,15,3,5,3,13,3,0,0,0,0,0,0,0
1971,4.0,3.0,71969.0,0,1,59,1000,0,76,0,0,10,3,3,4,9,8,0,1,0,0,0,0,0
1968,4.0,3.0,29187.0,1,0,43,26,0,6,0,0,2,1,1,0,3,8,0,0,0,0,0,0,0
1969,2.0,3.0,4428.0,0,1,0,16,4,12,2,4,321,0,25,0,0,1,0,0,0,0,0,0,0
1991,2.0,5.0,89891.0,0,0,17,412,22,132,59,28,183,1,11,6,8,4,0,0,1,0,0,0,0
1961,2.0,4.0,82014.0,0,0,48,980,37,265,35,163,31,1,3,6,12,6,0,0,0,0,0,0,0
1953,2.0,5.0,48794.0,1,1,97,25,0,11,3,0,15,1,1,0,3,4,0,0,0,0,0,0,0
1978,2.0,3.0,77583.0,0,0,93,372,23,384,250,12,108,1,4,5,9,2,0,0,0,1,0,0,0
1966,3.0,5.0,33564.0,0,1,51,61,0,3,0,0,7,1,1,1,3,5,0,0,0,0,0,0,0
1959,2.0,5.0,38285.0,2,1,96,2,0,5,2,0,1,1,0,0,3,2,0,0,0,0,0,0,0
1964,4.0,2.0,78825.0,0,0,35,483,74,114,169,37,18,1,5,10,13,3,0,0,0,0,0,0,0
1968,2.0,4.0,36065.0,1,1,54,18,7,34,10,2,3,3,3,0,3,8,0,0,0,0,0,0,0
1992,1.0,4.0,15253.0,1,0,13,1,3,3,8,1,13,2,1,0,3,7,0,0,0,0,0,0,0
1966,3.0,3.0,57183.0,1,1,51,464,5,64,7,0,70,8,9,1,7,8,0,0,0,0,0,0,0
1992,2.0,4.0,48789.0,0,0,94,351,16,156,7,5,145,1,6,4,7,6,0,0,0,0,0,0,0
1977,2.0,4.0,37774.0,2,0,28,173,8,107,7,2,176,4,7,2,3,9,1,0,0,0,0,1,1
1970,2.0,5.0,81205.0,0,0,43,724,74,929,97,55,130,1,5,6,7,2,1,0,1,0,1,0,1
1958,2.0,3.0,81320.0,0,0,61,183,33,493,59,103,57,1,4,3,10,2,0,0,0,0,0,0,0
1973,2.0,2.0,78901.0,0,1,99,321,11,309,33,26,34,3,9,3,5,4,0,0,0,0,0,0,0
1951,2.0,3.0,94642.0,0,0,35,879,143,797,106,143,143,0,5,7,9,1,0,0,1,1,0,0,1
1975,4.0,4.0,52614.0,0,1,63,789,0,142,12,9,38,2,2,4,8,8,0,0,0,0,0,0,0
1977,3.0,3.0,22701.0,1,0,2,2,4,9,0,4,5,1,1,0,3,5,0,0,0,0,0,0,0
1983,2.0,5.0,28427.0,1,0,67,18,3,19,3,3,6,2,2,0,3,8,0,0,0,0,0,0,0
1966,2.0,4.0,33279.0,0,0,29,10,3,3,0,0,0,1,0,0,3,3,0,0,0,0,0,0,0
1978,2.0,5.0,57867.0,1,0,48,344,35,178,15,23,17,7,7,2,9,6,0,0,0,0,0,0,0
1950,4.0,4.0,48767.0,1,2,79,28,1,21,3,0,10,3,2,1,3,5,0,0,0,0,0,0,0
1955,0.0,2.0,41769.0,0,1,31,302,29,131,32,0,27,6,8,1,7,8,0,0,0,0,0,0,0
1975,0.0,3.0,17003.0,1,0,37,2,5,12,4,8,7,3,2,0,4,5,0,0,0,0,0,0,0
1964,4.0,3.0,65526.0,0,1,22,397,19,69,12,0,9,1,4,4,8,2,0,0,0,0,0,0,0
1968,3.0,3.0,29543.0,2,0,47,17,3,18,3,4,18,2,3,1,2,7,0,0,0,0,0,0,0
1951,4.0,6.0,67680.0,0,1,8,546,0,48,0,6,6,1,7,3,8,5,0,0,0,0,0,0,0
1970,3.0,2.0,55282.0,1,0,9,125,6,73,8,4,19,1,3,1,6,4,0,0,0,0,0,0,0
1973,0.0,3.0,52247.25135379061,1,0,25,25,3,43,17,4,17,3,3,0,3,8,0,0,0,0,0,0,0
1986,1.0,4.0,8940.0,1,0,25,1,45,3,4,6,42,3,3,1,3,8,0,0,0,0,0,0,0
1974,4.0,3.0,65352.0,0,1,43,284,3,84,4,7,23,2,4,2,8,4,0,0,0,0,0,0,0
1965,4.0,3.0,57236.0,1,1,22,105,0,9,2,1,4,3,2,1,4,3,0,0,0,0,0,0,0
1975,2.0,3.0,51948.0,0,1,51,82,33,54,71,30,41,2,5,2,4,5,0,0,0,0,0,0,0
1979,0.0,5.0,60839.0,1,1,72,600,21,128,223,150,128,13,2,2,12,8,0,0,0,0,0,0,0
1975,4.0,3.0,86836.0,0,0,7,179,21,273,0,21,63,1,6,10,6,5,1,0,1,1,0,0,1
1975,4.0,3.0,40233.0,0,1,84,80,4,46,0,17,2,5,2,1,5,6,0,0,0,0,0,0,0
1973,2.0,5.0,22682.0,1,0,51,10,14,29,4,2,36,3,2,1,4,4,0,0,0,0,0,0,0
1983,2.0,5.0,28427.0,1,0,67,18,3,19,3,3,6,2,2,0,3,8,0,0,0,0,0,0,0
1949,2.0,5.0,54591.0,0,1,63,376,4,94,12,9,24,3,6,2,8,5,0,0,0,0,0,0,0
1970,2.0,4.0,20587.0,1,0,39,2,3,6,4,1,9,1,1,1,2,7,0,0,0,0,0,0,0
1982,2.0,5.0,45203.0,2,0,4,35,3,67,10,8,24,1,3,1,3,6,0,0,0,0,0,0,0
1975,0.0,6.0,47682.0,0,1,80,162,61,83,97,57,61,4,4,3,8,5,0,0,0,0,0,0,0
1960,0.0,5.0,92556.0,0,0,32,493,183,352,184,23,28,0,3,5,13,0,0,0,0,0,0,0,0
1956,2.0,3.0,63943.0,0,1,50,423,184,368,13,97,21,1,6,4,6,5,0,0,0,0,0,0,0
1984,3.0,4.0,18890.0,0,0,5,6,4,1,7,2,15,1,0,1,2,6,1,0,0,0,0,0,0
1965,4.0,3.0,81051.0,0,0,43,1142,29,249,38,29,14,1,5,5,12,2,0,1,1,0,0,0,1
1956,2.0,4.0,46998.0,0,1,55,172,41,86,45,6,27,5,5,3,5,7,1,0,0,0,0,0,0
1982,2.0,5.0,71853.0,0,0,29,358,108,413,141,97,32,1,2,8,6,1,0,0,0,0,0,0,0
1982,4.0,4.0,38513.0,1,0,20,172,3,115,16,0,18,5,6,1,5,8,0,0,0,0,0,0,0
1949,3.0,5.0,49912.0,0,1,5,520,8,223,32,49,42,4,10,5,7,8,1,0,0,0,0,0,1
1959,2.0,5.0,44911.0,0,1,11,159,0,22,2,1,31,3,4,1,4,7,0,0,0,0,0,0,0
1993,2.0,4.0,72354.0,0,0,67,315,26,473,220,12,182,1,2,10,6,1,0,0,0,0,0,0,0
1962,2.0,3.0,56181.0,0,1,6,121,103,69,8,44,48,1,4,2,7,4,0,0,0,0,0,0,0
1954,4.0,3.0,65324.0,0,1,0,384,0,102,21,32,5,3,6,2,9,4,0,0,0,0,0,0,0
1969,2.0,3.0,25293.0,1,0,51,15,0,11,0,2,9,1,1,1,2,8,0,0,0,0,0,0,0
1989,2.0,3.0,75433.0,1,0,28,800,0,297,0,34,57,2,2,5,10,6,0,1,0,1,0,0,1
1949,3.0,6.0,47570.0,1,1,3,67,1,20,0,2,31,3,2,2,2,7,0,0,0,0,0,0,0
1970,4.0,3.0,69084.0,1,0,43,1181,107,199,39,30,30,2,7,3,13,8,0,0,0,0,0,0,0
1984,4.0,4.0,39684.0,1,0,41,19,0,35,6,4,17,2,2,1,2,7,0,0,0,0,0,1,0
1954,2.0,3.0,86718.0,0,0,20,344,189,482,50,33,172,1,5,6,5,2,0,0,0,0,0,0,0
1976,0.0,4.0,79689.0,0,0,65,311,26,640,180,37,121,1,4,9,13,2,0,0,0,0,0,0,0
1964,3.0,3.0,64100.0,0,1,93,509,0,27,0,0,10,1,8,3,6,7,0,1,0,0,0,0,0
1976,2.0,5.0,54058.0,0,1,56,198,18,252,32,108,54,2,4,6,8,3,0,0,0,0,0,0,0
1968,4.0,3.0,55954.0,0,1,63,447,0,28,0,0,43,3,8,2,6,7,0,0,0,0,0,0,0
1947,4.0,6.0,68117.0,0,1,80,618,44,215,0,17,36,2,11,8,4,6,1,0,0,0,0,0,0
1973,3.0,3.0,60432.0,0,1,61,365,3,15,4,3,11,5,7,2,5,6,0,0,0,0,0,0,0
1940,4.0,4.0,51141.0,0,0,96,144,0,7,0,0,6,1,3,1,4,5,0,0,0,0,0,0,0
1984,2.0,3.0,23228.0,1,0,91,53,3,49,7,4,5,4,3,0,4,8,0,0,0,0,0,0,0
1958,4.0,5.0,37334.0,1,1,44,26,1,16,2,2,15,4,3,0,4,4,0,0,0,0,0,0,0
1961,4.0,5.0,63342.0,0,1,48,918,21,118,13,10,21,3,8,3,5,6,0,1,0,0,0,0,0
1985,2.0,3.0,55357.0,2,0,66,374,64,116,84,25,64,3,6,2,11,5,0,0,0,0,0,0,0
1976,2.0,2.0,31859.0,1,0,77,3,1,3,8,0,5,1,1,0,2,7,0,0,0,0,0,0,0
1982,2.0,5.0,71853.0,0,0,29,358,108,413,141,97,32,1,2,8,6,1,0,0,0,0,0,0,0
1962,4.0,2.0,85696.0,0,0,88,714,76,395,116,0,12,1,4,6,9,1,0,0,0,0,0,0,0
1960,3.0,3.0,81843.0,0,0,13,779,86,537,34,69,138,1,5,9,12,3,0,0,0,0,0,0,0
1982,2.0,3.0,37040.0,0,0,41,86,2,73,69,38,48,1,4,2,5,8,0,0,0,0,0,0,0
1980,2.0,3.0,15072.0,2,0,96,8,2,15,0,10,18,4,3,1,3,5,0,0,0,0,0,0,0
1985,2.0,3.0,19986.0,1,0,74,3,6,5,0,2,6,1,0,0,3,7,0,0,0,0,0,0,0
1973,4.0,5.0,57906.0,0,1,29,243,11,119,10,3,15,3,4,2,8,4,0,0,0,0,0,0,0
1980,2.0,4.0,81741.0,0,0,75,249,153,940,58,134,38,0,6,6,7,2,0,0,0,0,0,0,0
1963,3.0,5.0,38620.0,0,0,56,112,17,44,34,22,89,1,2,5,3,3,0,0,0,0,0,0,0
1953,2.0,5.0,94384.0,0,0,62,1111,24,790,160,45,172,0,5,8,5,2,0,1,1,1,0,0,1
1971,3.0,5.0,30538.0,1,0,27,284,0,52,8,3,20,4,9,0,4,10,0,0,0,0,0,0,0
1956,2.0,5.0,54450.0,1,1,0,454,0,171,8,19,32,12,9,2,8,8,0,0,0,0,0,0,0
1953,2.0,4.0,69267.0,0,0,31,778,44,499,95,73,146,2,3,4,5,7,0,0,0,0,0,0,0
1959,2.0,3.0,35701.0,0,0,36,21,1,9,7,3,5,1,1,0,3,6,0,0,0,0,0,0,0
1960,2.0,5.0,13672.0,1,1,86,6,2,9,2,1,5,2,1,0,3,8,0,0,0,0,0,0,0
1976,2.0,5.0,85606.0,0,1,89,717,42,864,219,30,84,2,6,7,9,3,0,0,0,1,0,0,0
1979,2.0,4.0,70337.0,0,0,75,187,81,149,25,43,91,1,2,2,12,1,0,0,0,0,0,0,0
1959,4.0,3.0,38829.0,0,1,86,76,0,7,0,0,16,1,3,2,2,5,0,0,0,0,0,0,0
1952,2.0,5.0,43462.0,1,1,50,90,17,97,15,6,15,6,4,1,5,8,0,0,0,0,0,0,0
1968,2.0,3.0,61314.0,0,1,1,378,0,189,97,172,172,2,5,5,12,3,0,0,0,0,0,0,0
1979,2.0,4.0,60474.0,0,1,25,265,199,303,234,9,170,7,10,2,12,7,0,0,0,0,0,0,0
1972,2.0,3.0,62710.0,0,1,53,441,35,83,7,29,11,4,4,2,12,4,0,0,0,0,0,0,0
1952,2.0,3.0,50300.0,0,1,52,143,15,60,24,23,5,2,2,1,8,2,0,0,0,0,0,0,0
1976,0.0,5.0,26326.0,0,0,12,1,0,5,0,3,9,1,0,0,3,3,0,0,0,0,0,1,0
1970,2.0,5.0,40548.0,0,1,31,110,0,5,2,0,3,2,2,1,4,5,0,1,0,0,0,0,0
1953,2.0,3.0,37716.0,0,1,4,97,1,41,6,2,41,2,4,1,3,7,0,0,0,0,0,0,0
1963,4.0,4.0,46757.0,0,1,71,777,30,163,0,51,122,6,4,4,7,9,0,0,0,0,0,0,0
1984,2.0,3.0,24570.0,1,0,97,28,34,62,11,14,44,3,4,0,4,9,0,0,0,0,0,0,0
1973,2.0,3.0,52845.0,1,0,7,384,25,292,130,41,64,3,8,8,6,6,1,0,0,0,0,0,1
1972,3.0,4.0,46423.0,1,1,6,68,0,16,0,0,8,3,2,0,4,7,0,0,0,0,0,0,0
1960,2.0,3.0,67716.0,0,1,8,530,142,217,62,9,56,4,7,4,13,5,0,1,0,0,0,0,0
1980,0.0,3.0,96547.0,0,0,4,448,21,125,52,101,62,0,7,6,8,2,1,0,1,1,0,0,1
1961,3.0,3.0,80950.0,0,0,44,525,147,112,219,147,63,1,6,7,9,2,0,0,0,1,0,0,0
1954,2.0,2.0,64497.0,0,1,17,1170,48,320,42,32,192,5,11,4,9,8,1,0,0,0,0,0,1
1975,3.0,4.0,46098.0,1,1,86,57,0,27,0,0,36,4,3,2,2,8,0,0,0,0,0,0,0
1962,4.0,4.0,27238.0,1,1,39,37,0,17,0,0,3,3,3,0,3,9,0,0,0,0,0,0,0
1979,2.0,3.0,58025.0,0,1,81,270,31,88,11,48,22,3,3,2,10,4,0,0,0,0,0,0,0
1978,3.0,4.0,68092.0,0,0,7,852,60,207,78,36,48,2,2,6,10,5,0,0,0,0,0,0,0
1974,4.0,4.0,71466.0,0,0,86,412,12,546,78,182,0,1,4,4,10,1,0,0,0,0,0,0,0
1982,3.0,3.0,43815.0,1,0,53,14,10,29,4,7,15,1,2,0,3,6,0,0,0,0,0,0,0
1978,2.0,5.0,70440.0,0,0,49,690,117,499,76,102,88,1,5,10,7,3,0,0,0,1,0,0,0
1978,2.0,5.0,28587.0,1,0,42,22,4,17,12,10,13,3,2,0,4,6,0,0,0,0,0,0,0
1978,2.0,3.0,73807.0,0,1,88,366,124,156,71,78,54,2,5,5,11,2,0,0,0,0,0,0,0
1975,2.0,3.0,43057.0,0,1,30,213,2,44,0,2,5,4,4,2,5,5,0,0,0,0,0,0,0
1985,0.0,5.0,7500.0,1,0,98,5,17,17,13,14,34,4,2,1,3,9,0,0,0,0,0,0,0
1986,1.0,4.0,14906.0,0,0,86,7,7,14,7,16,15,3,2,1,3,7,0,0,0,0,0,0,0
1984,2.0,5.0,37235.0,1,0,68,20,2,9,4,6,20,1,1,1,2,4,0,0,0,0,0,0,0
1969,2.0,3.0,72460.0,0,0,56,377,10,540,80,30,10,1,3,5,7,1,0,0,0,0,0,0,0
1978,3.0,3.0,43783.0,1,0,22,327,9,125,25,4,139,6,7,1,8,7,1,0,0,0,0,0,1
1968,4.0,3.0,38443.0,1,1,58,32,0,5,0,0,1,2,1,0,3,7,0,0,0,0,0,0,0
1976,2.0,3.0,53858.0,0,1,50,407,53,221,58,150,26,4,4,3,6,4,0,0,0,0,0,0,0
1954,2.0,4.0,22507.0,0,0,67,68,0,226,51,157,68,3,10,2,4,9,0,0,0,0,0,0,0
1957,4.0,3.0,44155.0,1,1,24,22,1,9,0,0,14,1,1,1,2,4,0,0,0,0,0,0,0
1977,2.0,4.0,85072.0,0,0,94,494,92,391,194,11,241,1,3,4,10,0,0,0,0,0,0,0,0
1978,4.0,3.0,82170.0,0,0,13,1023,93,651,49,55,37,1,5,6,7,2,0,0,0,0,0,0,0
1987,2.0,3.0,7500.0,0,0,94,0,2,3,4,1,5,1,0,0,3,6,0,0,0,0,0,0,0
1989,2.0,4.0,9255.0,1,0,91,9,0,7,2,0,4,1,1,1,2,8,0,0,0,0,0,0,0
1973,3.0,3.0,38576.0,0,1,2,34,0,7,0,0,0,1,1,0,3,7,0,0,0,0,0,0,0
1964,2.0,4.0,81246.0,0,0,87,398,190,537,61,156,37,1,4,5,7,1,1,0,0,1,0,0,0
1964,0.0,2.0,41713.0,1,1,57,77,8,44,10,10,25,5,3,1,4,6,0,0,0,0,0,0,0
1980,2.0,3.0,43586.0,0,1,26,99,2,11,4,0,16,3,3,0,4,8,0,0,0,0,0,0,0
1965,4.0,3.0,71322.0,0,1,57,753,43,226,69,10,204,2,8,5,13,4,0,0,0,0,0,0,0
1951,3.0,5.0,39767.0,0,0,18,113,61,204,34,26,47,2,7,1,7,8,0,0,0,0,0,0,0
1963,3.0,3.0,33562.0,1,2,33,21,12,12,0,3,3,3,2,0,4,4,0,0,0,0,0,0,0
1976,2.0,4.0,79941.0,0,0,72,123,164,266,227,30,174,1,2,4,9,1,0,0,0,0,0,0,0
1964,2.0,2.0,41638.0,0,1,68,315,0,31,4,0,91,4,5,5,3,8,1,0,0,0,0,0,0
1970,0.0,3.0,62466.0,0,1,13,129,129,259,168,121,83,5,6,3,12,4,0,0,0,0,0,0,0
1965,2.0,5.0,29672.0,1,1,6,9,1,3,0,4,8,1,0,0,3,6,0,0,0,0,0,0,0
1954,2.0,3.0,38998.0,1,1,92,34,1,14,0,0,5,3,2,0,3,8,0,0,0,0,0,1,0
1955,2.0,5.0,53863.0,0,1,4,399,4,30,6,4,30,3,7,1,7,7,0,1,0,0,0,0,0
1959,2.0,3.0,54984.0,0,1,51,173,13,131,32,3,6,4,6,1,6,7,0,0,0,1,0,0,0
1969,3.0,4.0,26877.0,0,0,74,101,13,76,20,18,40,2,3,1,6,6,0,0,0,0,0,0,0
1989,2.0,4.0,64449.0,1,0,70,218,63,282,137,35,70,4,5,3,12,4,0,0,0,0,0,0,0
1964,0.0,3.0,62905.0,0,1,68,166,75,96,119,107,59,3,7,2,8,4,0,0,0,0,0,0,0
1966,2.0,2.0,67272.0,0,1,12,357,35,271,28,28,14,3,6,2,12,5,0,0,0,0,0,0,0
1954,4.0,3.0,36930.0,0,1,50,223,2,31,0,2,39,5,5,2,4,8,0,0,0,0,0,0,0
1946,4.0,3.0,51012.0,0,0,86,102,9,63,2,9,24,1,4,1,4,6,0,0,0,0,0,0,0
1975,2.0,6.0,58330.0,0,1,87,445,53,213,104,98,151,1,6,4,13,4,0,0,0,0,0,0,0
1982,2.0,4.0,28567.0,1,0,57,11,3,22,2,2,6,2,2,0,3,6,0,0,0,0,0,0,0
1989,3.0,2.0,10979.0,0,0,34,8,4,10,2,2,4,2,3,0,3,5,0,0,0,0,0,0,0
1967,2.0,3.0,22574.0,2,1,28,25,0,8,2,0,2,2,2,0,3,7,0,0,0,0,0,0,0
1964,0.0,4.0,52247.25135379061,1,1,49,5,1,9,2,0,4,1,1,0,2,7,0,0,0,0,0,0,0
1967,4.0,3.0,56320.0,0,1,11,201,53,172,116,77,83,3,5,4,9,4,0,0,0,0,0,0,0
1957,2.0,3.0,43140.0,0,1,68,134,8,76,6,0,11,1,4,1,5,6,0,0,0,0,0,0,0
1959,2.0,4.0,80982.0,1,1,48,505,137,401,104,22,22,3,11,5,11,5,0,0,0,0,0,1,0
1972,0.0,3.0,70932.0,0,1,57,200,193,100,46,185,185,2,6,2,12,3,0,0,0,0,0,0,0
1959,4.0,3.0,75032.0,0,1,74,952,12,180,47,12,12,2,5,4,9,3,0,0,0,0,0,0,0
1973,1.0,5.0,27190.0,1,0,13,1,6,7,0,1,3,1,1,0,2,8,1,0,0,0,0,0,0
1978,4.0,4.0,54880.0,1,0,57,308,85,137,102,45,118,2,6,2,11,5,0,0,0,0,0,0,0
1967,2.0,4.0,79146.0,1,1,33,245,16,223,21,43,16,2,8,1,8,6,0,0,0,0,0,0,0
1971,3.0,3.0,34109.0,0,1,39,9,1,5,2,1,4,1,0,0,3,4,0,0,0,0,0,0,0
1961,3.0,3.0,61923.0,0,2,94,92,4,18,3,3,6,1,2,1,4,3,0,0,0,0,0,0,0
1966,4.0,4.0,69759.0,0,0,38,452,20,514,13,30,0,3,4,6,5,3,0,0,0,0,0,0,0
1957,2.0,4.0,52247.25135379061,1,1,45,7,0,8,2,0,1,1,1,0,2,7,0,0,0,0,0,0,0
1957,4.0,5.0,40451.0,0,2,54,35,0,4,0,0,10,1,1,1,2,5,1,0,0,0,0,0,0
1971,4.0,3.0,42403.0,1,0,18,22,1,11,0,5,3,1,1,0,3,8,0,0,0,0,0,0,0
1956,4.0,6.0,78028.0,0,1,38,158,19,288,25,0,38,1,6,4,9,7,0,1,1,0,0,0,0
1964,4.0,3.0,59304.0,0,1,81,418,61,428,80,51,10,3,7,8,10,5,0,0,0,0,0,0,0
1968,4.0,2.0,69674.0,0,2,46,554,41,215,11,0,24,3,10,2,10,5,0,0,0,0,0,0,0
1986,3.0,4.0,19485.0,2,0,80,6,0,4,0,0,0,1,1,0,2,7,0,0,0,0,0,0,0
1989,3.0,2.0,10979.0,0,0,34,8,4,10,2,2,4,2,3,0,3,5,0,0,0,0,0,0,0
1951,2.0,4.0,80872.0,0,0,60,483,72,567,94,12,108,1,4,4,10,1,0,0,0,0,0,0,0
1951,3.0,5.0,29298.0,1,1,60,6,0,2,2,0,1,1,1,0,2,5,0,0,0,0,0,0,0
1952,1.0,5.0,13084.0,0,0,29,2,0,7,3,7,10,1,1,0,3,6,0,0,0,0,0,0,0
1948,4.0,6.0,82032.0,0,0,54,332,194,377,149,125,57,0,4,6,7,1,0,0,0,0,0,0,0
1972,2.0,5.0,64474.0,0,1,59,381,35,172,56,86,93,2,8,2,10,5,0,0,0,0,0,0,0
1972,2.0,5.0,26290.0,1,1,49,15,8,16,11,5,22,4,2,0,4,6,0,0,0,0,0,0,0
1950,4.0,3.0,41145.0,1,1,20,9,0,3,0,0,1,1,0,0,3,3,0,0,0,0,0,0,0
1958,2.0,2.0,35246.0,1,1,53,36,0,12,2,2,10,4,3,1,3,5,0,0,0,0,0,0,0
1960,3.0,4.0,98777.0,0,0,23,1000,19,711,125,115,38,0,4,6,9,1,0,1,0,0,0,0,0
1962,2.0,5.0,76081.0,0,0,85,292,30,415,63,33,200,1,4,5,4,2,0,0,0,1,0,0,0
1980,2.0,3.0,50183.0,1,1,47,97,12,84,13,10,15,7,3,1,6,5,0,0,0,0,0,0,0
1956,3.0,5.0,28839.0,1,1,86,24,0,7,0,0,1,2,2,0,3,5,0,0,0,0,0,0,0
1951,2.0,5.0,86610.0,0,0,66,446,107,768,33,196,53,1,5,6,6,2,0,0,0,0,0,0,0
1980,0.0,3.0,70829.0,1,1,87,141,70,106,72,19,23,2,4,2,8,3,0,0,0,0,0,0,0
1960,2.0,5.0,62807.0,0,1,83,526,28,135,10,21,99,3,5,3,12,5,0,0,0,0,0,0,0
1975,4.0,3.0,80427.0,0,1,56,1149,71,449,69,71,26,1,11,8,8,5,0,0,0,0,0,0,0
1964,2.0,3.0,82224.0,0,0,83,307,26,360,138,31,40,1,6,9,5,3,0,0,0,1,0,0,0
1987,2.0,5.0,18227.0,1,0,21,1,2,7,4,3,11,1,0,1,2,8,0,0,0,0,0,0,0
1971,2.0,5.0,34600.0,1,1,8,199,33,60,8,3,15,5,5,2,5,8,0,0,0,0,0,0,0
1976,2.0,2.0,30992.0,1,0,83,17,0,14,7,3,2,1,1,0,3,7,0,0,0,0,0,0,0
1980,3.0,3.0,31535.0,1,0,95,15,4,13,0,0,19,1,1,1,2,7,1,0,0,0,0,0,0
1968,3.0,3.0,70777.0,0,1,80,554,35,113,0,7,78,3,5,3,12,3,0,0,0,0,0,0,0
1954,2.0,5.0,53103.0,0,1,70,729,17,133,11,0,195,5,10,6,7,7,1,0,0,0,0,0,0
1978,0.0,5.0,17117.0,1,0,96,12,23,38,30,18,7,4,3,1,3,9,0,0,0,0,0,0,0
1943,4.0,2.0,48948.0,0,0,53,437,8,206,160,49,42,2,7,10,5,6,1,0,0,0,0,0,1
1958,4.0,6.0,50520.0,0,1,25,112,0,6,2,1,14,2,3,1,3,6,0,0,0,0,0,0,0
1985,0.0,3.0,36145.0,1,0,13,56,4,76,17,1,18,4,4,1,3,9,1,0,0,0,0,0,1
1956,2.0,5.0,34633.0,2,1,31,8,1,5,0,0,1,1,1,0,2,6,0,0,0,0,0,0,0
1989,4.0,4.0,33996.0,0,0,46,40,2,15,8,0,6,1,1,1,3,4,0,0,0,0,0,0,0
1973,2.0,3.0,51148.0,1,1,38,235,6,45,8,9,12,4,5,1,6,6,0,0,0,0,0,0,0
1962,3.0,3.0,58646.0,0,1,3,62,1,44,6,5,22,1,2,1,4,4,0,0,0,0,0,0,0
1976,3.0,4.0,72309.0,0,0,64,960,0,883,50,38,0,1,5,6,8,3,0,0,0,1,0,0,0
1973,2.0,4.0,83917.0,0,0,12,514,22,732,42,198,79,1,6,7,7,3,0,0,0,0,0,0,0
1965,4.0,2.0,47025.0,1,1,6,16,0,3,0,0,1,1,1,0,2,7,0,0,0,0,0,0,0
1964,4.0,5.0,46910.0,1,1,36,48,0,14,0,0,6,2,2,0,3,6,0,0,0,0,0,0,0
1963,2.0,3.0,80124.0,0,0,47,483,84,398,205,84,241,1,3,7,8,1,1,0,0,0,0,0,1
1956,4.0,4.0,54998.0,0,1,3,154,22,202,39,30,8,5,4,2,9,4,0,0,0,0,0,0,0
1968,2.0,3.0,41120.0,1,1,80,24,2,23,0,8,24,3,2,1,3,6,0,0,0,0,0,0,0
1956,3.0,5.0,54603.0,1,1,85,145,13,46,17,2,4,6,4,2,4,7,0,0,0,0,0,0,0
1955,2.0,5.0,65748.0,0,1,58,172,73,93,95,78,34,2,2,4,10,1,0,0,0,0,0,1,0
1959,2.0,4.0,50664.0,1,1,64,313,8,104,6,4,126,9,8,1,6,9,0,0,0,0,0,0,0
1974,2.0,3.0,67445.0,0,1,63,757,80,217,29,80,11,5,9,6,12,6,0,0,0,0,0,0,0
1954,2.0,2.0,70044.0,0,1,46,1073,0,250,153,14,14,4,7,10,5,5,0,0,0,0,0,0,0
1951,4.0,3.0,53312.0,0,0,32,241,0,12,0,0,25,1,5,1,5,7,0,0,0,0,0,0,0
1959,2.0,5.0,57957.0,0,1,24,290,59,177,77,5,29,7,4,6,8,3,0,0,0,0,0,1,0
1960,3.0,3.0,47353.0,0,1,93,184,2,19,8,8,4,3,2,2,6,5,0,0,0,0,0,0,0
